name,type,direction,description
smiles_000,string,,Generated compound index 0 using MoLeR and Enamine building blocks
smiles_001,string,,Generated compound index 1 using MoLeR and Enamine building blocks
smiles_002,string,,Generated compound index 2 using MoLeR and Enamine building blocks
smiles_003,string,,Generated compound index 3 using MoLeR and Enamine building blocks
smiles_004,string,,Generated compound index 4 using MoLeR and Enamine building blocks
smiles_005,string,,Generated compound index 5 using MoLeR and Enamine building blocks
smiles_006,string,,Generated compound index 6 using MoLeR and Enamine building blocks
smiles_007,string,,Generated compound index 7 using MoLeR and Enamine building blocks
smiles_008,string,,Generated compound index 8 using MoLeR and Enamine building blocks
smiles_009,string,,Generated compound index 9 using MoLeR and Enamine building blocks
smiles_010,string,,Generated compound index 10 using MoLeR and Enamine building blocks
smiles_011,string,,Generated compound index 11 using MoLeR and Enamine building blocks
smiles_012,string,,Generated compound index 12 using MoLeR and Enamine building blocks
smiles_013,string,,Generated compound index 13 using MoLeR and Enamine building blocks
smiles_014,string,,Generated compound index 14 using MoLeR and Enamine building blocks
smiles_015,string,,Generated compound index 15 using MoLeR and Enamine building blocks
smiles_016,string,,Generated compound index 16 using MoLeR and Enamine building blocks
smiles_017,string,,Generated compound index 17 using MoLeR and Enamine building blocks
smiles_018,string,,Generated compound index 18 using MoLeR and Enamine building blocks
smiles_019,string,,Generated compound index 19 using MoLeR and Enamine building blocks
smiles_020,string,,Generated compound index 20 using MoLeR and Enamine building blocks
smiles_021,string,,Generated compound index 21 using MoLeR and Enamine building blocks
smiles_022,string,,Generated compound index 22 using MoLeR and Enamine building blocks
smiles_023,string,,Generated compound index 23 using MoLeR and Enamine building blocks
smiles_024,string,,Generated compound index 24 using MoLeR and Enamine building blocks
smiles_025,string,,Generated compound index 25 using MoLeR and Enamine building blocks
smiles_026,string,,Generated compound index 26 using MoLeR and Enamine building blocks
smiles_027,string,,Generated compound index 27 using MoLeR and Enamine building blocks
smiles_028,string,,Generated compound index 28 using MoLeR and Enamine building blocks
smiles_029,string,,Generated compound index 29 using MoLeR and Enamine building blocks
smiles_030,string,,Generated compound index 30 using MoLeR and Enamine building blocks
smiles_031,string,,Generated compound index 31 using MoLeR and Enamine building blocks
smiles_032,string,,Generated compound index 32 using MoLeR and Enamine building blocks
smiles_033,string,,Generated compound index 33 using MoLeR and Enamine building blocks
smiles_034,string,,Generated compound index 34 using MoLeR and Enamine building blocks
smiles_035,string,,Generated compound index 35 using MoLeR and Enamine building blocks
smiles_036,string,,Generated compound index 36 using MoLeR and Enamine building blocks
smiles_037,string,,Generated compound index 37 using MoLeR and Enamine building blocks
smiles_038,string,,Generated compound index 38 using MoLeR and Enamine building blocks
smiles_039,string,,Generated compound index 39 using MoLeR and Enamine building blocks
smiles_040,string,,Generated compound index 40 using MoLeR and Enamine building blocks
smiles_041,string,,Generated compound index 41 using MoLeR and Enamine building blocks
smiles_042,string,,Generated compound index 42 using MoLeR and Enamine building blocks
smiles_043,string,,Generated compound index 43 using MoLeR and Enamine building blocks
smiles_044,string,,Generated compound index 44 using MoLeR and Enamine building blocks
smiles_045,string,,Generated compound index 45 using MoLeR and Enamine building blocks
smiles_046,string,,Generated compound index 46 using MoLeR and Enamine building blocks
smiles_047,string,,Generated compound index 47 using MoLeR and Enamine building blocks
smiles_048,string,,Generated compound index 48 using MoLeR and Enamine building blocks
smiles_049,string,,Generated compound index 49 using MoLeR and Enamine building blocks
smiles_050,string,,Generated compound index 50 using MoLeR and Enamine building blocks
smiles_051,string,,Generated compound index 51 using MoLeR and Enamine building blocks
smiles_052,string,,Generated compound index 52 using MoLeR and Enamine building blocks
smiles_053,string,,Generated compound index 53 using MoLeR and Enamine building blocks
smiles_054,string,,Generated compound index 54 using MoLeR and Enamine building blocks
smiles_055,string,,Generated compound index 55 using MoLeR and Enamine building blocks
smiles_056,string,,Generated compound index 56 using MoLeR and Enamine building blocks
smiles_057,string,,Generated compound index 57 using MoLeR and Enamine building blocks
smiles_058,string,,Generated compound index 58 using MoLeR and Enamine building blocks
smiles_059,string,,Generated compound index 59 using MoLeR and Enamine building blocks
smiles_060,string,,Generated compound index 60 using MoLeR and Enamine building blocks
smiles_061,string,,Generated compound index 61 using MoLeR and Enamine building blocks
smiles_062,string,,Generated compound index 62 using MoLeR and Enamine building blocks
smiles_063,string,,Generated compound index 63 using MoLeR and Enamine building blocks
smiles_064,string,,Generated compound index 64 using MoLeR and Enamine building blocks
smiles_065,string,,Generated compound index 65 using MoLeR and Enamine building blocks
smiles_066,string,,Generated compound index 66 using MoLeR and Enamine building blocks
smiles_067,string,,Generated compound index 67 using MoLeR and Enamine building blocks
smiles_068,string,,Generated compound index 68 using MoLeR and Enamine building blocks
smiles_069,string,,Generated compound index 69 using MoLeR and Enamine building blocks
smiles_070,string,,Generated compound index 70 using MoLeR and Enamine building blocks
smiles_071,string,,Generated compound index 71 using MoLeR and Enamine building blocks
smiles_072,string,,Generated compound index 72 using MoLeR and Enamine building blocks
smiles_073,string,,Generated compound index 73 using MoLeR and Enamine building blocks
smiles_074,string,,Generated compound index 74 using MoLeR and Enamine building blocks
smiles_075,string,,Generated compound index 75 using MoLeR and Enamine building blocks
smiles_076,string,,Generated compound index 76 using MoLeR and Enamine building blocks
smiles_077,string,,Generated compound index 77 using MoLeR and Enamine building blocks
smiles_078,string,,Generated compound index 78 using MoLeR and Enamine building blocks
smiles_079,string,,Generated compound index 79 using MoLeR and Enamine building blocks
smiles_080,string,,Generated compound index 80 using MoLeR and Enamine building blocks
smiles_081,string,,Generated compound index 81 using MoLeR and Enamine building blocks
smiles_082,string,,Generated compound index 82 using MoLeR and Enamine building blocks
smiles_083,string,,Generated compound index 83 using MoLeR and Enamine building blocks
smiles_084,string,,Generated compound index 84 using MoLeR and Enamine building blocks
smiles_085,string,,Generated compound index 85 using MoLeR and Enamine building blocks
smiles_086,string,,Generated compound index 86 using MoLeR and Enamine building blocks
smiles_087,string,,Generated compound index 87 using MoLeR and Enamine building blocks
smiles_088,string,,Generated compound index 88 using MoLeR and Enamine building blocks
smiles_089,string,,Generated compound index 89 using MoLeR and Enamine building blocks
smiles_090,string,,Generated compound index 90 using MoLeR and Enamine building blocks
smiles_091,string,,Generated compound index 91 using MoLeR and Enamine building blocks
smiles_092,string,,Generated compound index 92 using MoLeR and Enamine building blocks
smiles_093,string,,Generated compound index 93 using MoLeR and Enamine building blocks
smiles_094,string,,Generated compound index 94 using MoLeR and Enamine building blocks
smiles_095,string,,Generated compound index 95 using MoLeR and Enamine building blocks
smiles_096,string,,Generated compound index 96 using MoLeR and Enamine building blocks
smiles_097,string,,Generated compound index 97 using MoLeR and Enamine building blocks
smiles_098,string,,Generated compound index 98 using MoLeR and Enamine building blocks
smiles_099,string,,Generated compound index 99 using MoLeR and Enamine building blocks
smiles_100,string,,Generated compound index 100 using MoLeR and Enamine building blocks
smiles_101,string,,Generated compound index 101 using MoLeR and Enamine building blocks
smiles_102,string,,Generated compound index 102 using MoLeR and Enamine building blocks
smiles_103,string,,Generated compound index 103 using MoLeR and Enamine building blocks
smiles_104,string,,Generated compound index 104 using MoLeR and Enamine building blocks
smiles_105,string,,Generated compound index 105 using MoLeR and Enamine building blocks
smiles_106,string,,Generated compound index 106 using MoLeR and Enamine building blocks
smiles_107,string,,Generated compound index 107 using MoLeR and Enamine building blocks
smiles_108,string,,Generated compound index 108 using MoLeR and Enamine building blocks
smiles_109,string,,Generated compound index 109 using MoLeR and Enamine building blocks
smiles_110,string,,Generated compound index 110 using MoLeR and Enamine building blocks
smiles_111,string,,Generated compound index 111 using MoLeR and Enamine building blocks
smiles_112,string,,Generated compound index 112 using MoLeR and Enamine building blocks
smiles_113,string,,Generated compound index 113 using MoLeR and Enamine building blocks
smiles_114,string,,Generated compound index 114 using MoLeR and Enamine building blocks
smiles_115,string,,Generated compound index 115 using MoLeR and Enamine building blocks
smiles_116,string,,Generated compound index 116 using MoLeR and Enamine building blocks
smiles_117,string,,Generated compound index 117 using MoLeR and Enamine building blocks
smiles_118,string,,Generated compound index 118 using MoLeR and Enamine building blocks
smiles_119,string,,Generated compound index 119 using MoLeR and Enamine building blocks
smiles_120,string,,Generated compound index 120 using MoLeR and Enamine building blocks
smiles_121,string,,Generated compound index 121 using MoLeR and Enamine building blocks
smiles_122,string,,Generated compound index 122 using MoLeR and Enamine building blocks
smiles_123,string,,Generated compound index 123 using MoLeR and Enamine building blocks
smiles_124,string,,Generated compound index 124 using MoLeR and Enamine building blocks
smiles_125,string,,Generated compound index 125 using MoLeR and Enamine building blocks
smiles_126,string,,Generated compound index 126 using MoLeR and Enamine building blocks
smiles_127,string,,Generated compound index 127 using MoLeR and Enamine building blocks
smiles_128,string,,Generated compound index 128 using MoLeR and Enamine building blocks
smiles_129,string,,Generated compound index 129 using MoLeR and Enamine building blocks
smiles_130,string,,Generated compound index 130 using MoLeR and Enamine building blocks
smiles_131,string,,Generated compound index 131 using MoLeR and Enamine building blocks
smiles_132,string,,Generated compound index 132 using MoLeR and Enamine building blocks
smiles_133,string,,Generated compound index 133 using MoLeR and Enamine building blocks
smiles_134,string,,Generated compound index 134 using MoLeR and Enamine building blocks
smiles_135,string,,Generated compound index 135 using MoLeR and Enamine building blocks
smiles_136,string,,Generated compound index 136 using MoLeR and Enamine building blocks
smiles_137,string,,Generated compound index 137 using MoLeR and Enamine building blocks
smiles_138,string,,Generated compound index 138 using MoLeR and Enamine building blocks
smiles_139,string,,Generated compound index 139 using MoLeR and Enamine building blocks
smiles_140,string,,Generated compound index 140 using MoLeR and Enamine building blocks
smiles_141,string,,Generated compound index 141 using MoLeR and Enamine building blocks
smiles_142,string,,Generated compound index 142 using MoLeR and Enamine building blocks
smiles_143,string,,Generated compound index 143 using MoLeR and Enamine building blocks
smiles_144,string,,Generated compound index 144 using MoLeR and Enamine building blocks
smiles_145,string,,Generated compound index 145 using MoLeR and Enamine building blocks
smiles_146,string,,Generated compound index 146 using MoLeR and Enamine building blocks
smiles_147,string,,Generated compound index 147 using MoLeR and Enamine building blocks
smiles_148,string,,Generated compound index 148 using MoLeR and Enamine building blocks
smiles_149,string,,Generated compound index 149 using MoLeR and Enamine building blocks
smiles_150,string,,Generated compound index 150 using MoLeR and Enamine building blocks
smiles_151,string,,Generated compound index 151 using MoLeR and Enamine building blocks
smiles_152,string,,Generated compound index 152 using MoLeR and Enamine building blocks
smiles_153,string,,Generated compound index 153 using MoLeR and Enamine building blocks
smiles_154,string,,Generated compound index 154 using MoLeR and Enamine building blocks
smiles_155,string,,Generated compound index 155 using MoLeR and Enamine building blocks
smiles_156,string,,Generated compound index 156 using MoLeR and Enamine building blocks
smiles_157,string,,Generated compound index 157 using MoLeR and Enamine building blocks
smiles_158,string,,Generated compound index 158 using MoLeR and Enamine building blocks
smiles_159,string,,Generated compound index 159 using MoLeR and Enamine building blocks
smiles_160,string,,Generated compound index 160 using MoLeR and Enamine building blocks
smiles_161,string,,Generated compound index 161 using MoLeR and Enamine building blocks
smiles_162,string,,Generated compound index 162 using MoLeR and Enamine building blocks
smiles_163,string,,Generated compound index 163 using MoLeR and Enamine building blocks
smiles_164,string,,Generated compound index 164 using MoLeR and Enamine building blocks
smiles_165,string,,Generated compound index 165 using MoLeR and Enamine building blocks
smiles_166,string,,Generated compound index 166 using MoLeR and Enamine building blocks
smiles_167,string,,Generated compound index 167 using MoLeR and Enamine building blocks
smiles_168,string,,Generated compound index 168 using MoLeR and Enamine building blocks
smiles_169,string,,Generated compound index 169 using MoLeR and Enamine building blocks
smiles_170,string,,Generated compound index 170 using MoLeR and Enamine building blocks
smiles_171,string,,Generated compound index 171 using MoLeR and Enamine building blocks
smiles_172,string,,Generated compound index 172 using MoLeR and Enamine building blocks
smiles_173,string,,Generated compound index 173 using MoLeR and Enamine building blocks
smiles_174,string,,Generated compound index 174 using MoLeR and Enamine building blocks
smiles_175,string,,Generated compound index 175 using MoLeR and Enamine building blocks
smiles_176,string,,Generated compound index 176 using MoLeR and Enamine building blocks
smiles_177,string,,Generated compound index 177 using MoLeR and Enamine building blocks
smiles_178,string,,Generated compound index 178 using MoLeR and Enamine building blocks
smiles_179,string,,Generated compound index 179 using MoLeR and Enamine building blocks
smiles_180,string,,Generated compound index 180 using MoLeR and Enamine building blocks
smiles_181,string,,Generated compound index 181 using MoLeR and Enamine building blocks
smiles_182,string,,Generated compound index 182 using MoLeR and Enamine building blocks
smiles_183,string,,Generated compound index 183 using MoLeR and Enamine building blocks
smiles_184,string,,Generated compound index 184 using MoLeR and Enamine building blocks
smiles_185,string,,Generated compound index 185 using MoLeR and Enamine building blocks
smiles_186,string,,Generated compound index 186 using MoLeR and Enamine building blocks
smiles_187,string,,Generated compound index 187 using MoLeR and Enamine building blocks
smiles_188,string,,Generated compound index 188 using MoLeR and Enamine building blocks
smiles_189,string,,Generated compound index 189 using MoLeR and Enamine building blocks
smiles_190,string,,Generated compound index 190 using MoLeR and Enamine building blocks
smiles_191,string,,Generated compound index 191 using MoLeR and Enamine building blocks
smiles_192,string,,Generated compound index 192 using MoLeR and Enamine building blocks
smiles_193,string,,Generated compound index 193 using MoLeR and Enamine building blocks
smiles_194,string,,Generated compound index 194 using MoLeR and Enamine building blocks
smiles_195,string,,Generated compound index 195 using MoLeR and Enamine building blocks
smiles_196,string,,Generated compound index 196 using MoLeR and Enamine building blocks
smiles_197,string,,Generated compound index 197 using MoLeR and Enamine building blocks
smiles_198,string,,Generated compound index 198 using MoLeR and Enamine building blocks
smiles_199,string,,Generated compound index 199 using MoLeR and Enamine building blocks
smiles_200,string,,Generated compound index 200 using MoLeR and Enamine building blocks
smiles_201,string,,Generated compound index 201 using MoLeR and Enamine building blocks
smiles_202,string,,Generated compound index 202 using MoLeR and Enamine building blocks
smiles_203,string,,Generated compound index 203 using MoLeR and Enamine building blocks
smiles_204,string,,Generated compound index 204 using MoLeR and Enamine building blocks
smiles_205,string,,Generated compound index 205 using MoLeR and Enamine building blocks
smiles_206,string,,Generated compound index 206 using MoLeR and Enamine building blocks
smiles_207,string,,Generated compound index 207 using MoLeR and Enamine building blocks
smiles_208,string,,Generated compound index 208 using MoLeR and Enamine building blocks
smiles_209,string,,Generated compound index 209 using MoLeR and Enamine building blocks
smiles_210,string,,Generated compound index 210 using MoLeR and Enamine building blocks
smiles_211,string,,Generated compound index 211 using MoLeR and Enamine building blocks
smiles_212,string,,Generated compound index 212 using MoLeR and Enamine building blocks
smiles_213,string,,Generated compound index 213 using MoLeR and Enamine building blocks
smiles_214,string,,Generated compound index 214 using MoLeR and Enamine building blocks
smiles_215,string,,Generated compound index 215 using MoLeR and Enamine building blocks
smiles_216,string,,Generated compound index 216 using MoLeR and Enamine building blocks
smiles_217,string,,Generated compound index 217 using MoLeR and Enamine building blocks
smiles_218,string,,Generated compound index 218 using MoLeR and Enamine building blocks
smiles_219,string,,Generated compound index 219 using MoLeR and Enamine building blocks
smiles_220,string,,Generated compound index 220 using MoLeR and Enamine building blocks
smiles_221,string,,Generated compound index 221 using MoLeR and Enamine building blocks
smiles_222,string,,Generated compound index 222 using MoLeR and Enamine building blocks
smiles_223,string,,Generated compound index 223 using MoLeR and Enamine building blocks
smiles_224,string,,Generated compound index 224 using MoLeR and Enamine building blocks
smiles_225,string,,Generated compound index 225 using MoLeR and Enamine building blocks
smiles_226,string,,Generated compound index 226 using MoLeR and Enamine building blocks
smiles_227,string,,Generated compound index 227 using MoLeR and Enamine building blocks
smiles_228,string,,Generated compound index 228 using MoLeR and Enamine building blocks
smiles_229,string,,Generated compound index 229 using MoLeR and Enamine building blocks
smiles_230,string,,Generated compound index 230 using MoLeR and Enamine building blocks
smiles_231,string,,Generated compound index 231 using MoLeR and Enamine building blocks
smiles_232,string,,Generated compound index 232 using MoLeR and Enamine building blocks
smiles_233,string,,Generated compound index 233 using MoLeR and Enamine building blocks
smiles_234,string,,Generated compound index 234 using MoLeR and Enamine building blocks
smiles_235,string,,Generated compound index 235 using MoLeR and Enamine building blocks
smiles_236,string,,Generated compound index 236 using MoLeR and Enamine building blocks
smiles_237,string,,Generated compound index 237 using MoLeR and Enamine building blocks
smiles_238,string,,Generated compound index 238 using MoLeR and Enamine building blocks
smiles_239,string,,Generated compound index 239 using MoLeR and Enamine building blocks
smiles_240,string,,Generated compound index 240 using MoLeR and Enamine building blocks
smiles_241,string,,Generated compound index 241 using MoLeR and Enamine building blocks
smiles_242,string,,Generated compound index 242 using MoLeR and Enamine building blocks
smiles_243,string,,Generated compound index 243 using MoLeR and Enamine building blocks
smiles_244,string,,Generated compound index 244 using MoLeR and Enamine building blocks
smiles_245,string,,Generated compound index 245 using MoLeR and Enamine building blocks
smiles_246,string,,Generated compound index 246 using MoLeR and Enamine building blocks
smiles_247,string,,Generated compound index 247 using MoLeR and Enamine building blocks
smiles_248,string,,Generated compound index 248 using MoLeR and Enamine building blocks
smiles_249,string,,Generated compound index 249 using MoLeR and Enamine building blocks
smiles_250,string,,Generated compound index 250 using MoLeR and Enamine building blocks
smiles_251,string,,Generated compound index 251 using MoLeR and Enamine building blocks
smiles_252,string,,Generated compound index 252 using MoLeR and Enamine building blocks
smiles_253,string,,Generated compound index 253 using MoLeR and Enamine building blocks
smiles_254,string,,Generated compound index 254 using MoLeR and Enamine building blocks
smiles_255,string,,Generated compound index 255 using MoLeR and Enamine building blocks
smiles_256,string,,Generated compound index 256 using MoLeR and Enamine building blocks
smiles_257,string,,Generated compound index 257 using MoLeR and Enamine building blocks
smiles_258,string,,Generated compound index 258 using MoLeR and Enamine building blocks
smiles_259,string,,Generated compound index 259 using MoLeR and Enamine building blocks
smiles_260,string,,Generated compound index 260 using MoLeR and Enamine building blocks
smiles_261,string,,Generated compound index 261 using MoLeR and Enamine building blocks
smiles_262,string,,Generated compound index 262 using MoLeR and Enamine building blocks
smiles_263,string,,Generated compound index 263 using MoLeR and Enamine building blocks
smiles_264,string,,Generated compound index 264 using MoLeR and Enamine building blocks
smiles_265,string,,Generated compound index 265 using MoLeR and Enamine building blocks
smiles_266,string,,Generated compound index 266 using MoLeR and Enamine building blocks
smiles_267,string,,Generated compound index 267 using MoLeR and Enamine building blocks
smiles_268,string,,Generated compound index 268 using MoLeR and Enamine building blocks
smiles_269,string,,Generated compound index 269 using MoLeR and Enamine building blocks
smiles_270,string,,Generated compound index 270 using MoLeR and Enamine building blocks
smiles_271,string,,Generated compound index 271 using MoLeR and Enamine building blocks
smiles_272,string,,Generated compound index 272 using MoLeR and Enamine building blocks
smiles_273,string,,Generated compound index 273 using MoLeR and Enamine building blocks
smiles_274,string,,Generated compound index 274 using MoLeR and Enamine building blocks
smiles_275,string,,Generated compound index 275 using MoLeR and Enamine building blocks
smiles_276,string,,Generated compound index 276 using MoLeR and Enamine building blocks
smiles_277,string,,Generated compound index 277 using MoLeR and Enamine building blocks
smiles_278,string,,Generated compound index 278 using MoLeR and Enamine building blocks
smiles_279,string,,Generated compound index 279 using MoLeR and Enamine building blocks
smiles_280,string,,Generated compound index 280 using MoLeR and Enamine building blocks
smiles_281,string,,Generated compound index 281 using MoLeR and Enamine building blocks
smiles_282,string,,Generated compound index 282 using MoLeR and Enamine building blocks
smiles_283,string,,Generated compound index 283 using MoLeR and Enamine building blocks
smiles_284,string,,Generated compound index 284 using MoLeR and Enamine building blocks
smiles_285,string,,Generated compound index 285 using MoLeR and Enamine building blocks
smiles_286,string,,Generated compound index 286 using MoLeR and Enamine building blocks
smiles_287,string,,Generated compound index 287 using MoLeR and Enamine building blocks
smiles_288,string,,Generated compound index 288 using MoLeR and Enamine building blocks
smiles_289,string,,Generated compound index 289 using MoLeR and Enamine building blocks
smiles_290,string,,Generated compound index 290 using MoLeR and Enamine building blocks
smiles_291,string,,Generated compound index 291 using MoLeR and Enamine building blocks
smiles_292,string,,Generated compound index 292 using MoLeR and Enamine building blocks
smiles_293,string,,Generated compound index 293 using MoLeR and Enamine building blocks
smiles_294,string,,Generated compound index 294 using MoLeR and Enamine building blocks
smiles_295,string,,Generated compound index 295 using MoLeR and Enamine building blocks
smiles_296,string,,Generated compound index 296 using MoLeR and Enamine building blocks
smiles_297,string,,Generated compound index 297 using MoLeR and Enamine building blocks
smiles_298,string,,Generated compound index 298 using MoLeR and Enamine building blocks
smiles_299,string,,Generated compound index 299 using MoLeR and Enamine building blocks
smiles_300,string,,Generated compound index 300 using MoLeR and Enamine building blocks
smiles_301,string,,Generated compound index 301 using MoLeR and Enamine building blocks
smiles_302,string,,Generated compound index 302 using MoLeR and Enamine building blocks
smiles_303,string,,Generated compound index 303 using MoLeR and Enamine building blocks
smiles_304,string,,Generated compound index 304 using MoLeR and Enamine building blocks
smiles_305,string,,Generated compound index 305 using MoLeR and Enamine building blocks
smiles_306,string,,Generated compound index 306 using MoLeR and Enamine building blocks
smiles_307,string,,Generated compound index 307 using MoLeR and Enamine building blocks
smiles_308,string,,Generated compound index 308 using MoLeR and Enamine building blocks
smiles_309,string,,Generated compound index 309 using MoLeR and Enamine building blocks
smiles_310,string,,Generated compound index 310 using MoLeR and Enamine building blocks
smiles_311,string,,Generated compound index 311 using MoLeR and Enamine building blocks
smiles_312,string,,Generated compound index 312 using MoLeR and Enamine building blocks
smiles_313,string,,Generated compound index 313 using MoLeR and Enamine building blocks
smiles_314,string,,Generated compound index 314 using MoLeR and Enamine building blocks
smiles_315,string,,Generated compound index 315 using MoLeR and Enamine building blocks
smiles_316,string,,Generated compound index 316 using MoLeR and Enamine building blocks
smiles_317,string,,Generated compound index 317 using MoLeR and Enamine building blocks
smiles_318,string,,Generated compound index 318 using MoLeR and Enamine building blocks
smiles_319,string,,Generated compound index 319 using MoLeR and Enamine building blocks
smiles_320,string,,Generated compound index 320 using MoLeR and Enamine building blocks
smiles_321,string,,Generated compound index 321 using MoLeR and Enamine building blocks
smiles_322,string,,Generated compound index 322 using MoLeR and Enamine building blocks
smiles_323,string,,Generated compound index 323 using MoLeR and Enamine building blocks
smiles_324,string,,Generated compound index 324 using MoLeR and Enamine building blocks
smiles_325,string,,Generated compound index 325 using MoLeR and Enamine building blocks
smiles_326,string,,Generated compound index 326 using MoLeR and Enamine building blocks
smiles_327,string,,Generated compound index 327 using MoLeR and Enamine building blocks
smiles_328,string,,Generated compound index 328 using MoLeR and Enamine building blocks
smiles_329,string,,Generated compound index 329 using MoLeR and Enamine building blocks
smiles_330,string,,Generated compound index 330 using MoLeR and Enamine building blocks
smiles_331,string,,Generated compound index 331 using MoLeR and Enamine building blocks
smiles_332,string,,Generated compound index 332 using MoLeR and Enamine building blocks
smiles_333,string,,Generated compound index 333 using MoLeR and Enamine building blocks
smiles_334,string,,Generated compound index 334 using MoLeR and Enamine building blocks
smiles_335,string,,Generated compound index 335 using MoLeR and Enamine building blocks
smiles_336,string,,Generated compound index 336 using MoLeR and Enamine building blocks
smiles_337,string,,Generated compound index 337 using MoLeR and Enamine building blocks
smiles_338,string,,Generated compound index 338 using MoLeR and Enamine building blocks
smiles_339,string,,Generated compound index 339 using MoLeR and Enamine building blocks
smiles_340,string,,Generated compound index 340 using MoLeR and Enamine building blocks
smiles_341,string,,Generated compound index 341 using MoLeR and Enamine building blocks
smiles_342,string,,Generated compound index 342 using MoLeR and Enamine building blocks
smiles_343,string,,Generated compound index 343 using MoLeR and Enamine building blocks
smiles_344,string,,Generated compound index 344 using MoLeR and Enamine building blocks
smiles_345,string,,Generated compound index 345 using MoLeR and Enamine building blocks
smiles_346,string,,Generated compound index 346 using MoLeR and Enamine building blocks
smiles_347,string,,Generated compound index 347 using MoLeR and Enamine building blocks
smiles_348,string,,Generated compound index 348 using MoLeR and Enamine building blocks
smiles_349,string,,Generated compound index 349 using MoLeR and Enamine building blocks
smiles_350,string,,Generated compound index 350 using MoLeR and Enamine building blocks
smiles_351,string,,Generated compound index 351 using MoLeR and Enamine building blocks
smiles_352,string,,Generated compound index 352 using MoLeR and Enamine building blocks
smiles_353,string,,Generated compound index 353 using MoLeR and Enamine building blocks
smiles_354,string,,Generated compound index 354 using MoLeR and Enamine building blocks
smiles_355,string,,Generated compound index 355 using MoLeR and Enamine building blocks
smiles_356,string,,Generated compound index 356 using MoLeR and Enamine building blocks
smiles_357,string,,Generated compound index 357 using MoLeR and Enamine building blocks
smiles_358,string,,Generated compound index 358 using MoLeR and Enamine building blocks
smiles_359,string,,Generated compound index 359 using MoLeR and Enamine building blocks
smiles_360,string,,Generated compound index 360 using MoLeR and Enamine building blocks
smiles_361,string,,Generated compound index 361 using MoLeR and Enamine building blocks
smiles_362,string,,Generated compound index 362 using MoLeR and Enamine building blocks
smiles_363,string,,Generated compound index 363 using MoLeR and Enamine building blocks
smiles_364,string,,Generated compound index 364 using MoLeR and Enamine building blocks
smiles_365,string,,Generated compound index 365 using MoLeR and Enamine building blocks
smiles_366,string,,Generated compound index 366 using MoLeR and Enamine building blocks
smiles_367,string,,Generated compound index 367 using MoLeR and Enamine building blocks
smiles_368,string,,Generated compound index 368 using MoLeR and Enamine building blocks
smiles_369,string,,Generated compound index 369 using MoLeR and Enamine building blocks
smiles_370,string,,Generated compound index 370 using MoLeR and Enamine building blocks
smiles_371,string,,Generated compound index 371 using MoLeR and Enamine building blocks
smiles_372,string,,Generated compound index 372 using MoLeR and Enamine building blocks
smiles_373,string,,Generated compound index 373 using MoLeR and Enamine building blocks
smiles_374,string,,Generated compound index 374 using MoLeR and Enamine building blocks
smiles_375,string,,Generated compound index 375 using MoLeR and Enamine building blocks
smiles_376,string,,Generated compound index 376 using MoLeR and Enamine building blocks
smiles_377,string,,Generated compound index 377 using MoLeR and Enamine building blocks
smiles_378,string,,Generated compound index 378 using MoLeR and Enamine building blocks
smiles_379,string,,Generated compound index 379 using MoLeR and Enamine building blocks
smiles_380,string,,Generated compound index 380 using MoLeR and Enamine building blocks
smiles_381,string,,Generated compound index 381 using MoLeR and Enamine building blocks
smiles_382,string,,Generated compound index 382 using MoLeR and Enamine building blocks
smiles_383,string,,Generated compound index 383 using MoLeR and Enamine building blocks
smiles_384,string,,Generated compound index 384 using MoLeR and Enamine building blocks
smiles_385,string,,Generated compound index 385 using MoLeR and Enamine building blocks
smiles_386,string,,Generated compound index 386 using MoLeR and Enamine building blocks
smiles_387,string,,Generated compound index 387 using MoLeR and Enamine building blocks
smiles_388,string,,Generated compound index 388 using MoLeR and Enamine building blocks
smiles_389,string,,Generated compound index 389 using MoLeR and Enamine building blocks
smiles_390,string,,Generated compound index 390 using MoLeR and Enamine building blocks
smiles_391,string,,Generated compound index 391 using MoLeR and Enamine building blocks
smiles_392,string,,Generated compound index 392 using MoLeR and Enamine building blocks
smiles_393,string,,Generated compound index 393 using MoLeR and Enamine building blocks
smiles_394,string,,Generated compound index 394 using MoLeR and Enamine building blocks
smiles_395,string,,Generated compound index 395 using MoLeR and Enamine building blocks
smiles_396,string,,Generated compound index 396 using MoLeR and Enamine building blocks
smiles_397,string,,Generated compound index 397 using MoLeR and Enamine building blocks
smiles_398,string,,Generated compound index 398 using MoLeR and Enamine building blocks
smiles_399,string,,Generated compound index 399 using MoLeR and Enamine building blocks
smiles_400,string,,Generated compound index 400 using MoLeR and Enamine building blocks
smiles_401,string,,Generated compound index 401 using MoLeR and Enamine building blocks
smiles_402,string,,Generated compound index 402 using MoLeR and Enamine building blocks
smiles_403,string,,Generated compound index 403 using MoLeR and Enamine building blocks
smiles_404,string,,Generated compound index 404 using MoLeR and Enamine building blocks
smiles_405,string,,Generated compound index 405 using MoLeR and Enamine building blocks
smiles_406,string,,Generated compound index 406 using MoLeR and Enamine building blocks
smiles_407,string,,Generated compound index 407 using MoLeR and Enamine building blocks
smiles_408,string,,Generated compound index 408 using MoLeR and Enamine building blocks
smiles_409,string,,Generated compound index 409 using MoLeR and Enamine building blocks
smiles_410,string,,Generated compound index 410 using MoLeR and Enamine building blocks
smiles_411,string,,Generated compound index 411 using MoLeR and Enamine building blocks
smiles_412,string,,Generated compound index 412 using MoLeR and Enamine building blocks
smiles_413,string,,Generated compound index 413 using MoLeR and Enamine building blocks
smiles_414,string,,Generated compound index 414 using MoLeR and Enamine building blocks
smiles_415,string,,Generated compound index 415 using MoLeR and Enamine building blocks
smiles_416,string,,Generated compound index 416 using MoLeR and Enamine building blocks
smiles_417,string,,Generated compound index 417 using MoLeR and Enamine building blocks
smiles_418,string,,Generated compound index 418 using MoLeR and Enamine building blocks
smiles_419,string,,Generated compound index 419 using MoLeR and Enamine building blocks
smiles_420,string,,Generated compound index 420 using MoLeR and Enamine building blocks
smiles_421,string,,Generated compound index 421 using MoLeR and Enamine building blocks
smiles_422,string,,Generated compound index 422 using MoLeR and Enamine building blocks
smiles_423,string,,Generated compound index 423 using MoLeR and Enamine building blocks
smiles_424,string,,Generated compound index 424 using MoLeR and Enamine building blocks
smiles_425,string,,Generated compound index 425 using MoLeR and Enamine building blocks
smiles_426,string,,Generated compound index 426 using MoLeR and Enamine building blocks
smiles_427,string,,Generated compound index 427 using MoLeR and Enamine building blocks
smiles_428,string,,Generated compound index 428 using MoLeR and Enamine building blocks
smiles_429,string,,Generated compound index 429 using MoLeR and Enamine building blocks
smiles_430,string,,Generated compound index 430 using MoLeR and Enamine building blocks
smiles_431,string,,Generated compound index 431 using MoLeR and Enamine building blocks
smiles_432,string,,Generated compound index 432 using MoLeR and Enamine building blocks
smiles_433,string,,Generated compound index 433 using MoLeR and Enamine building blocks
smiles_434,string,,Generated compound index 434 using MoLeR and Enamine building blocks
smiles_435,string,,Generated compound index 435 using MoLeR and Enamine building blocks
smiles_436,string,,Generated compound index 436 using MoLeR and Enamine building blocks
smiles_437,string,,Generated compound index 437 using MoLeR and Enamine building blocks
smiles_438,string,,Generated compound index 438 using MoLeR and Enamine building blocks
smiles_439,string,,Generated compound index 439 using MoLeR and Enamine building blocks
smiles_440,string,,Generated compound index 440 using MoLeR and Enamine building blocks
smiles_441,string,,Generated compound index 441 using MoLeR and Enamine building blocks
smiles_442,string,,Generated compound index 442 using MoLeR and Enamine building blocks
smiles_443,string,,Generated compound index 443 using MoLeR and Enamine building blocks
smiles_444,string,,Generated compound index 444 using MoLeR and Enamine building blocks
smiles_445,string,,Generated compound index 445 using MoLeR and Enamine building blocks
smiles_446,string,,Generated compound index 446 using MoLeR and Enamine building blocks
smiles_447,string,,Generated compound index 447 using MoLeR and Enamine building blocks
smiles_448,string,,Generated compound index 448 using MoLeR and Enamine building blocks
smiles_449,string,,Generated compound index 449 using MoLeR and Enamine building blocks
smiles_450,string,,Generated compound index 450 using MoLeR and Enamine building blocks
smiles_451,string,,Generated compound index 451 using MoLeR and Enamine building blocks
smiles_452,string,,Generated compound index 452 using MoLeR and Enamine building blocks
smiles_453,string,,Generated compound index 453 using MoLeR and Enamine building blocks
smiles_454,string,,Generated compound index 454 using MoLeR and Enamine building blocks
smiles_455,string,,Generated compound index 455 using MoLeR and Enamine building blocks
smiles_456,string,,Generated compound index 456 using MoLeR and Enamine building blocks
smiles_457,string,,Generated compound index 457 using MoLeR and Enamine building blocks
smiles_458,string,,Generated compound index 458 using MoLeR and Enamine building blocks
smiles_459,string,,Generated compound index 459 using MoLeR and Enamine building blocks
smiles_460,string,,Generated compound index 460 using MoLeR and Enamine building blocks
smiles_461,string,,Generated compound index 461 using MoLeR and Enamine building blocks
smiles_462,string,,Generated compound index 462 using MoLeR and Enamine building blocks
smiles_463,string,,Generated compound index 463 using MoLeR and Enamine building blocks
smiles_464,string,,Generated compound index 464 using MoLeR and Enamine building blocks
smiles_465,string,,Generated compound index 465 using MoLeR and Enamine building blocks
smiles_466,string,,Generated compound index 466 using MoLeR and Enamine building blocks
smiles_467,string,,Generated compound index 467 using MoLeR and Enamine building blocks
smiles_468,string,,Generated compound index 468 using MoLeR and Enamine building blocks
smiles_469,string,,Generated compound index 469 using MoLeR and Enamine building blocks
smiles_470,string,,Generated compound index 470 using MoLeR and Enamine building blocks
smiles_471,string,,Generated compound index 471 using MoLeR and Enamine building blocks
smiles_472,string,,Generated compound index 472 using MoLeR and Enamine building blocks
smiles_473,string,,Generated compound index 473 using MoLeR and Enamine building blocks
smiles_474,string,,Generated compound index 474 using MoLeR and Enamine building blocks
smiles_475,string,,Generated compound index 475 using MoLeR and Enamine building blocks
smiles_476,string,,Generated compound index 476 using MoLeR and Enamine building blocks
smiles_477,string,,Generated compound index 477 using MoLeR and Enamine building blocks
smiles_478,string,,Generated compound index 478 using MoLeR and Enamine building blocks
smiles_479,string,,Generated compound index 479 using MoLeR and Enamine building blocks
smiles_480,string,,Generated compound index 480 using MoLeR and Enamine building blocks
smiles_481,string,,Generated compound index 481 using MoLeR and Enamine building blocks
smiles_482,string,,Generated compound index 482 using MoLeR and Enamine building blocks
smiles_483,string,,Generated compound index 483 using MoLeR and Enamine building blocks
smiles_484,string,,Generated compound index 484 using MoLeR and Enamine building blocks
smiles_485,string,,Generated compound index 485 using MoLeR and Enamine building blocks
smiles_486,string,,Generated compound index 486 using MoLeR and Enamine building blocks
smiles_487,string,,Generated compound index 487 using MoLeR and Enamine building blocks
smiles_488,string,,Generated compound index 488 using MoLeR and Enamine building blocks
smiles_489,string,,Generated compound index 489 using MoLeR and Enamine building blocks
smiles_490,string,,Generated compound index 490 using MoLeR and Enamine building blocks
smiles_491,string,,Generated compound index 491 using MoLeR and Enamine building blocks
smiles_492,string,,Generated compound index 492 using MoLeR and Enamine building blocks
smiles_493,string,,Generated compound index 493 using MoLeR and Enamine building blocks
smiles_494,string,,Generated compound index 494 using MoLeR and Enamine building blocks
smiles_495,string,,Generated compound index 495 using MoLeR and Enamine building blocks
smiles_496,string,,Generated compound index 496 using MoLeR and Enamine building blocks
smiles_497,string,,Generated compound index 497 using MoLeR and Enamine building blocks
smiles_498,string,,Generated compound index 498 using MoLeR and Enamine building blocks
smiles_499,string,,Generated compound index 499 using MoLeR and Enamine building blocks
smiles_500,string,,Generated compound index 500 using MoLeR and Enamine building blocks
smiles_501,string,,Generated compound index 501 using MoLeR and Enamine building blocks
smiles_502,string,,Generated compound index 502 using MoLeR and Enamine building blocks
smiles_503,string,,Generated compound index 503 using MoLeR and Enamine building blocks
smiles_504,string,,Generated compound index 504 using MoLeR and Enamine building blocks
smiles_505,string,,Generated compound index 505 using MoLeR and Enamine building blocks
smiles_506,string,,Generated compound index 506 using MoLeR and Enamine building blocks
smiles_507,string,,Generated compound index 507 using MoLeR and Enamine building blocks
smiles_508,string,,Generated compound index 508 using MoLeR and Enamine building blocks
smiles_509,string,,Generated compound index 509 using MoLeR and Enamine building blocks
smiles_510,string,,Generated compound index 510 using MoLeR and Enamine building blocks
smiles_511,string,,Generated compound index 511 using MoLeR and Enamine building blocks
smiles_512,string,,Generated compound index 512 using MoLeR and Enamine building blocks
smiles_513,string,,Generated compound index 513 using MoLeR and Enamine building blocks
smiles_514,string,,Generated compound index 514 using MoLeR and Enamine building blocks
smiles_515,string,,Generated compound index 515 using MoLeR and Enamine building blocks
smiles_516,string,,Generated compound index 516 using MoLeR and Enamine building blocks
smiles_517,string,,Generated compound index 517 using MoLeR and Enamine building blocks
smiles_518,string,,Generated compound index 518 using MoLeR and Enamine building blocks
smiles_519,string,,Generated compound index 519 using MoLeR and Enamine building blocks
smiles_520,string,,Generated compound index 520 using MoLeR and Enamine building blocks
smiles_521,string,,Generated compound index 521 using MoLeR and Enamine building blocks
smiles_522,string,,Generated compound index 522 using MoLeR and Enamine building blocks
smiles_523,string,,Generated compound index 523 using MoLeR and Enamine building blocks
smiles_524,string,,Generated compound index 524 using MoLeR and Enamine building blocks
smiles_525,string,,Generated compound index 525 using MoLeR and Enamine building blocks
smiles_526,string,,Generated compound index 526 using MoLeR and Enamine building blocks
smiles_527,string,,Generated compound index 527 using MoLeR and Enamine building blocks
smiles_528,string,,Generated compound index 528 using MoLeR and Enamine building blocks
smiles_529,string,,Generated compound index 529 using MoLeR and Enamine building blocks
smiles_530,string,,Generated compound index 530 using MoLeR and Enamine building blocks
smiles_531,string,,Generated compound index 531 using MoLeR and Enamine building blocks
smiles_532,string,,Generated compound index 532 using MoLeR and Enamine building blocks
smiles_533,string,,Generated compound index 533 using MoLeR and Enamine building blocks
smiles_534,string,,Generated compound index 534 using MoLeR and Enamine building blocks
smiles_535,string,,Generated compound index 535 using MoLeR and Enamine building blocks
smiles_536,string,,Generated compound index 536 using MoLeR and Enamine building blocks
smiles_537,string,,Generated compound index 537 using MoLeR and Enamine building blocks
smiles_538,string,,Generated compound index 538 using MoLeR and Enamine building blocks
smiles_539,string,,Generated compound index 539 using MoLeR and Enamine building blocks
smiles_540,string,,Generated compound index 540 using MoLeR and Enamine building blocks
smiles_541,string,,Generated compound index 541 using MoLeR and Enamine building blocks
smiles_542,string,,Generated compound index 542 using MoLeR and Enamine building blocks
smiles_543,string,,Generated compound index 543 using MoLeR and Enamine building blocks
smiles_544,string,,Generated compound index 544 using MoLeR and Enamine building blocks
smiles_545,string,,Generated compound index 545 using MoLeR and Enamine building blocks
smiles_546,string,,Generated compound index 546 using MoLeR and Enamine building blocks
smiles_547,string,,Generated compound index 547 using MoLeR and Enamine building blocks
smiles_548,string,,Generated compound index 548 using MoLeR and Enamine building blocks
smiles_549,string,,Generated compound index 549 using MoLeR and Enamine building blocks
smiles_550,string,,Generated compound index 550 using MoLeR and Enamine building blocks
smiles_551,string,,Generated compound index 551 using MoLeR and Enamine building blocks
smiles_552,string,,Generated compound index 552 using MoLeR and Enamine building blocks
smiles_553,string,,Generated compound index 553 using MoLeR and Enamine building blocks
smiles_554,string,,Generated compound index 554 using MoLeR and Enamine building blocks
smiles_555,string,,Generated compound index 555 using MoLeR and Enamine building blocks
smiles_556,string,,Generated compound index 556 using MoLeR and Enamine building blocks
smiles_557,string,,Generated compound index 557 using MoLeR and Enamine building blocks
smiles_558,string,,Generated compound index 558 using MoLeR and Enamine building blocks
smiles_559,string,,Generated compound index 559 using MoLeR and Enamine building blocks
smiles_560,string,,Generated compound index 560 using MoLeR and Enamine building blocks
smiles_561,string,,Generated compound index 561 using MoLeR and Enamine building blocks
smiles_562,string,,Generated compound index 562 using MoLeR and Enamine building blocks
smiles_563,string,,Generated compound index 563 using MoLeR and Enamine building blocks
smiles_564,string,,Generated compound index 564 using MoLeR and Enamine building blocks
smiles_565,string,,Generated compound index 565 using MoLeR and Enamine building blocks
smiles_566,string,,Generated compound index 566 using MoLeR and Enamine building blocks
smiles_567,string,,Generated compound index 567 using MoLeR and Enamine building blocks
smiles_568,string,,Generated compound index 568 using MoLeR and Enamine building blocks
smiles_569,string,,Generated compound index 569 using MoLeR and Enamine building blocks
smiles_570,string,,Generated compound index 570 using MoLeR and Enamine building blocks
smiles_571,string,,Generated compound index 571 using MoLeR and Enamine building blocks
smiles_572,string,,Generated compound index 572 using MoLeR and Enamine building blocks
smiles_573,string,,Generated compound index 573 using MoLeR and Enamine building blocks
smiles_574,string,,Generated compound index 574 using MoLeR and Enamine building blocks
smiles_575,string,,Generated compound index 575 using MoLeR and Enamine building blocks
smiles_576,string,,Generated compound index 576 using MoLeR and Enamine building blocks
smiles_577,string,,Generated compound index 577 using MoLeR and Enamine building blocks
smiles_578,string,,Generated compound index 578 using MoLeR and Enamine building blocks
smiles_579,string,,Generated compound index 579 using MoLeR and Enamine building blocks
smiles_580,string,,Generated compound index 580 using MoLeR and Enamine building blocks
smiles_581,string,,Generated compound index 581 using MoLeR and Enamine building blocks
smiles_582,string,,Generated compound index 582 using MoLeR and Enamine building blocks
smiles_583,string,,Generated compound index 583 using MoLeR and Enamine building blocks
smiles_584,string,,Generated compound index 584 using MoLeR and Enamine building blocks
smiles_585,string,,Generated compound index 585 using MoLeR and Enamine building blocks
smiles_586,string,,Generated compound index 586 using MoLeR and Enamine building blocks
smiles_587,string,,Generated compound index 587 using MoLeR and Enamine building blocks
smiles_588,string,,Generated compound index 588 using MoLeR and Enamine building blocks
smiles_589,string,,Generated compound index 589 using MoLeR and Enamine building blocks
smiles_590,string,,Generated compound index 590 using MoLeR and Enamine building blocks
smiles_591,string,,Generated compound index 591 using MoLeR and Enamine building blocks
smiles_592,string,,Generated compound index 592 using MoLeR and Enamine building blocks
smiles_593,string,,Generated compound index 593 using MoLeR and Enamine building blocks
smiles_594,string,,Generated compound index 594 using MoLeR and Enamine building blocks
smiles_595,string,,Generated compound index 595 using MoLeR and Enamine building blocks
smiles_596,string,,Generated compound index 596 using MoLeR and Enamine building blocks
smiles_597,string,,Generated compound index 597 using MoLeR and Enamine building blocks
smiles_598,string,,Generated compound index 598 using MoLeR and Enamine building blocks
smiles_599,string,,Generated compound index 599 using MoLeR and Enamine building blocks
smiles_600,string,,Generated compound index 600 using MoLeR and Enamine building blocks
smiles_601,string,,Generated compound index 601 using MoLeR and Enamine building blocks
smiles_602,string,,Generated compound index 602 using MoLeR and Enamine building blocks
smiles_603,string,,Generated compound index 603 using MoLeR and Enamine building blocks
smiles_604,string,,Generated compound index 604 using MoLeR and Enamine building blocks
smiles_605,string,,Generated compound index 605 using MoLeR and Enamine building blocks
smiles_606,string,,Generated compound index 606 using MoLeR and Enamine building blocks
smiles_607,string,,Generated compound index 607 using MoLeR and Enamine building blocks
smiles_608,string,,Generated compound index 608 using MoLeR and Enamine building blocks
smiles_609,string,,Generated compound index 609 using MoLeR and Enamine building blocks
smiles_610,string,,Generated compound index 610 using MoLeR and Enamine building blocks
smiles_611,string,,Generated compound index 611 using MoLeR and Enamine building blocks
smiles_612,string,,Generated compound index 612 using MoLeR and Enamine building blocks
smiles_613,string,,Generated compound index 613 using MoLeR and Enamine building blocks
smiles_614,string,,Generated compound index 614 using MoLeR and Enamine building blocks
smiles_615,string,,Generated compound index 615 using MoLeR and Enamine building blocks
smiles_616,string,,Generated compound index 616 using MoLeR and Enamine building blocks
smiles_617,string,,Generated compound index 617 using MoLeR and Enamine building blocks
smiles_618,string,,Generated compound index 618 using MoLeR and Enamine building blocks
smiles_619,string,,Generated compound index 619 using MoLeR and Enamine building blocks
smiles_620,string,,Generated compound index 620 using MoLeR and Enamine building blocks
smiles_621,string,,Generated compound index 621 using MoLeR and Enamine building blocks
smiles_622,string,,Generated compound index 622 using MoLeR and Enamine building blocks
smiles_623,string,,Generated compound index 623 using MoLeR and Enamine building blocks
smiles_624,string,,Generated compound index 624 using MoLeR and Enamine building blocks
smiles_625,string,,Generated compound index 625 using MoLeR and Enamine building blocks
smiles_626,string,,Generated compound index 626 using MoLeR and Enamine building blocks
smiles_627,string,,Generated compound index 627 using MoLeR and Enamine building blocks
smiles_628,string,,Generated compound index 628 using MoLeR and Enamine building blocks
smiles_629,string,,Generated compound index 629 using MoLeR and Enamine building blocks
smiles_630,string,,Generated compound index 630 using MoLeR and Enamine building blocks
smiles_631,string,,Generated compound index 631 using MoLeR and Enamine building blocks
smiles_632,string,,Generated compound index 632 using MoLeR and Enamine building blocks
smiles_633,string,,Generated compound index 633 using MoLeR and Enamine building blocks
smiles_634,string,,Generated compound index 634 using MoLeR and Enamine building blocks
smiles_635,string,,Generated compound index 635 using MoLeR and Enamine building blocks
smiles_636,string,,Generated compound index 636 using MoLeR and Enamine building blocks
smiles_637,string,,Generated compound index 637 using MoLeR and Enamine building blocks
smiles_638,string,,Generated compound index 638 using MoLeR and Enamine building blocks
smiles_639,string,,Generated compound index 639 using MoLeR and Enamine building blocks
smiles_640,string,,Generated compound index 640 using MoLeR and Enamine building blocks
smiles_641,string,,Generated compound index 641 using MoLeR and Enamine building blocks
smiles_642,string,,Generated compound index 642 using MoLeR and Enamine building blocks
smiles_643,string,,Generated compound index 643 using MoLeR and Enamine building blocks
smiles_644,string,,Generated compound index 644 using MoLeR and Enamine building blocks
smiles_645,string,,Generated compound index 645 using MoLeR and Enamine building blocks
smiles_646,string,,Generated compound index 646 using MoLeR and Enamine building blocks
smiles_647,string,,Generated compound index 647 using MoLeR and Enamine building blocks
smiles_648,string,,Generated compound index 648 using MoLeR and Enamine building blocks
smiles_649,string,,Generated compound index 649 using MoLeR and Enamine building blocks
smiles_650,string,,Generated compound index 650 using MoLeR and Enamine building blocks
smiles_651,string,,Generated compound index 651 using MoLeR and Enamine building blocks
smiles_652,string,,Generated compound index 652 using MoLeR and Enamine building blocks
smiles_653,string,,Generated compound index 653 using MoLeR and Enamine building blocks
smiles_654,string,,Generated compound index 654 using MoLeR and Enamine building blocks
smiles_655,string,,Generated compound index 655 using MoLeR and Enamine building blocks
smiles_656,string,,Generated compound index 656 using MoLeR and Enamine building blocks
smiles_657,string,,Generated compound index 657 using MoLeR and Enamine building blocks
smiles_658,string,,Generated compound index 658 using MoLeR and Enamine building blocks
smiles_659,string,,Generated compound index 659 using MoLeR and Enamine building blocks
smiles_660,string,,Generated compound index 660 using MoLeR and Enamine building blocks
smiles_661,string,,Generated compound index 661 using MoLeR and Enamine building blocks
smiles_662,string,,Generated compound index 662 using MoLeR and Enamine building blocks
smiles_663,string,,Generated compound index 663 using MoLeR and Enamine building blocks
smiles_664,string,,Generated compound index 664 using MoLeR and Enamine building blocks
smiles_665,string,,Generated compound index 665 using MoLeR and Enamine building blocks
smiles_666,string,,Generated compound index 666 using MoLeR and Enamine building blocks
smiles_667,string,,Generated compound index 667 using MoLeR and Enamine building blocks
smiles_668,string,,Generated compound index 668 using MoLeR and Enamine building blocks
smiles_669,string,,Generated compound index 669 using MoLeR and Enamine building blocks
smiles_670,string,,Generated compound index 670 using MoLeR and Enamine building blocks
smiles_671,string,,Generated compound index 671 using MoLeR and Enamine building blocks
smiles_672,string,,Generated compound index 672 using MoLeR and Enamine building blocks
smiles_673,string,,Generated compound index 673 using MoLeR and Enamine building blocks
smiles_674,string,,Generated compound index 674 using MoLeR and Enamine building blocks
smiles_675,string,,Generated compound index 675 using MoLeR and Enamine building blocks
smiles_676,string,,Generated compound index 676 using MoLeR and Enamine building blocks
smiles_677,string,,Generated compound index 677 using MoLeR and Enamine building blocks
smiles_678,string,,Generated compound index 678 using MoLeR and Enamine building blocks
smiles_679,string,,Generated compound index 679 using MoLeR and Enamine building blocks
smiles_680,string,,Generated compound index 680 using MoLeR and Enamine building blocks
smiles_681,string,,Generated compound index 681 using MoLeR and Enamine building blocks
smiles_682,string,,Generated compound index 682 using MoLeR and Enamine building blocks
smiles_683,string,,Generated compound index 683 using MoLeR and Enamine building blocks
smiles_684,string,,Generated compound index 684 using MoLeR and Enamine building blocks
smiles_685,string,,Generated compound index 685 using MoLeR and Enamine building blocks
smiles_686,string,,Generated compound index 686 using MoLeR and Enamine building blocks
smiles_687,string,,Generated compound index 687 using MoLeR and Enamine building blocks
smiles_688,string,,Generated compound index 688 using MoLeR and Enamine building blocks
smiles_689,string,,Generated compound index 689 using MoLeR and Enamine building blocks
smiles_690,string,,Generated compound index 690 using MoLeR and Enamine building blocks
smiles_691,string,,Generated compound index 691 using MoLeR and Enamine building blocks
smiles_692,string,,Generated compound index 692 using MoLeR and Enamine building blocks
smiles_693,string,,Generated compound index 693 using MoLeR and Enamine building blocks
smiles_694,string,,Generated compound index 694 using MoLeR and Enamine building blocks
smiles_695,string,,Generated compound index 695 using MoLeR and Enamine building blocks
smiles_696,string,,Generated compound index 696 using MoLeR and Enamine building blocks
smiles_697,string,,Generated compound index 697 using MoLeR and Enamine building blocks
smiles_698,string,,Generated compound index 698 using MoLeR and Enamine building blocks
smiles_699,string,,Generated compound index 699 using MoLeR and Enamine building blocks
smiles_700,string,,Generated compound index 700 using MoLeR and Enamine building blocks
smiles_701,string,,Generated compound index 701 using MoLeR and Enamine building blocks
smiles_702,string,,Generated compound index 702 using MoLeR and Enamine building blocks
smiles_703,string,,Generated compound index 703 using MoLeR and Enamine building blocks
smiles_704,string,,Generated compound index 704 using MoLeR and Enamine building blocks
smiles_705,string,,Generated compound index 705 using MoLeR and Enamine building blocks
smiles_706,string,,Generated compound index 706 using MoLeR and Enamine building blocks
smiles_707,string,,Generated compound index 707 using MoLeR and Enamine building blocks
smiles_708,string,,Generated compound index 708 using MoLeR and Enamine building blocks
smiles_709,string,,Generated compound index 709 using MoLeR and Enamine building blocks
smiles_710,string,,Generated compound index 710 using MoLeR and Enamine building blocks
smiles_711,string,,Generated compound index 711 using MoLeR and Enamine building blocks
smiles_712,string,,Generated compound index 712 using MoLeR and Enamine building blocks
smiles_713,string,,Generated compound index 713 using MoLeR and Enamine building blocks
smiles_714,string,,Generated compound index 714 using MoLeR and Enamine building blocks
smiles_715,string,,Generated compound index 715 using MoLeR and Enamine building blocks
smiles_716,string,,Generated compound index 716 using MoLeR and Enamine building blocks
smiles_717,string,,Generated compound index 717 using MoLeR and Enamine building blocks
smiles_718,string,,Generated compound index 718 using MoLeR and Enamine building blocks
smiles_719,string,,Generated compound index 719 using MoLeR and Enamine building blocks
smiles_720,string,,Generated compound index 720 using MoLeR and Enamine building blocks
smiles_721,string,,Generated compound index 721 using MoLeR and Enamine building blocks
smiles_722,string,,Generated compound index 722 using MoLeR and Enamine building blocks
smiles_723,string,,Generated compound index 723 using MoLeR and Enamine building blocks
smiles_724,string,,Generated compound index 724 using MoLeR and Enamine building blocks
smiles_725,string,,Generated compound index 725 using MoLeR and Enamine building blocks
smiles_726,string,,Generated compound index 726 using MoLeR and Enamine building blocks
smiles_727,string,,Generated compound index 727 using MoLeR and Enamine building blocks
smiles_728,string,,Generated compound index 728 using MoLeR and Enamine building blocks
smiles_729,string,,Generated compound index 729 using MoLeR and Enamine building blocks
smiles_730,string,,Generated compound index 730 using MoLeR and Enamine building blocks
smiles_731,string,,Generated compound index 731 using MoLeR and Enamine building blocks
smiles_732,string,,Generated compound index 732 using MoLeR and Enamine building blocks
smiles_733,string,,Generated compound index 733 using MoLeR and Enamine building blocks
smiles_734,string,,Generated compound index 734 using MoLeR and Enamine building blocks
smiles_735,string,,Generated compound index 735 using MoLeR and Enamine building blocks
smiles_736,string,,Generated compound index 736 using MoLeR and Enamine building blocks
smiles_737,string,,Generated compound index 737 using MoLeR and Enamine building blocks
smiles_738,string,,Generated compound index 738 using MoLeR and Enamine building blocks
smiles_739,string,,Generated compound index 739 using MoLeR and Enamine building blocks
smiles_740,string,,Generated compound index 740 using MoLeR and Enamine building blocks
smiles_741,string,,Generated compound index 741 using MoLeR and Enamine building blocks
smiles_742,string,,Generated compound index 742 using MoLeR and Enamine building blocks
smiles_743,string,,Generated compound index 743 using MoLeR and Enamine building blocks
smiles_744,string,,Generated compound index 744 using MoLeR and Enamine building blocks
smiles_745,string,,Generated compound index 745 using MoLeR and Enamine building blocks
smiles_746,string,,Generated compound index 746 using MoLeR and Enamine building blocks
smiles_747,string,,Generated compound index 747 using MoLeR and Enamine building blocks
smiles_748,string,,Generated compound index 748 using MoLeR and Enamine building blocks
smiles_749,string,,Generated compound index 749 using MoLeR and Enamine building blocks
smiles_750,string,,Generated compound index 750 using MoLeR and Enamine building blocks
smiles_751,string,,Generated compound index 751 using MoLeR and Enamine building blocks
smiles_752,string,,Generated compound index 752 using MoLeR and Enamine building blocks
smiles_753,string,,Generated compound index 753 using MoLeR and Enamine building blocks
smiles_754,string,,Generated compound index 754 using MoLeR and Enamine building blocks
smiles_755,string,,Generated compound index 755 using MoLeR and Enamine building blocks
smiles_756,string,,Generated compound index 756 using MoLeR and Enamine building blocks
smiles_757,string,,Generated compound index 757 using MoLeR and Enamine building blocks
smiles_758,string,,Generated compound index 758 using MoLeR and Enamine building blocks
smiles_759,string,,Generated compound index 759 using MoLeR and Enamine building blocks
smiles_760,string,,Generated compound index 760 using MoLeR and Enamine building blocks
smiles_761,string,,Generated compound index 761 using MoLeR and Enamine building blocks
smiles_762,string,,Generated compound index 762 using MoLeR and Enamine building blocks
smiles_763,string,,Generated compound index 763 using MoLeR and Enamine building blocks
smiles_764,string,,Generated compound index 764 using MoLeR and Enamine building blocks
smiles_765,string,,Generated compound index 765 using MoLeR and Enamine building blocks
smiles_766,string,,Generated compound index 766 using MoLeR and Enamine building blocks
smiles_767,string,,Generated compound index 767 using MoLeR and Enamine building blocks
smiles_768,string,,Generated compound index 768 using MoLeR and Enamine building blocks
smiles_769,string,,Generated compound index 769 using MoLeR and Enamine building blocks
smiles_770,string,,Generated compound index 770 using MoLeR and Enamine building blocks
smiles_771,string,,Generated compound index 771 using MoLeR and Enamine building blocks
smiles_772,string,,Generated compound index 772 using MoLeR and Enamine building blocks
smiles_773,string,,Generated compound index 773 using MoLeR and Enamine building blocks
smiles_774,string,,Generated compound index 774 using MoLeR and Enamine building blocks
smiles_775,string,,Generated compound index 775 using MoLeR and Enamine building blocks
smiles_776,string,,Generated compound index 776 using MoLeR and Enamine building blocks
smiles_777,string,,Generated compound index 777 using MoLeR and Enamine building blocks
smiles_778,string,,Generated compound index 778 using MoLeR and Enamine building blocks
smiles_779,string,,Generated compound index 779 using MoLeR and Enamine building blocks
smiles_780,string,,Generated compound index 780 using MoLeR and Enamine building blocks
smiles_781,string,,Generated compound index 781 using MoLeR and Enamine building blocks
smiles_782,string,,Generated compound index 782 using MoLeR and Enamine building blocks
smiles_783,string,,Generated compound index 783 using MoLeR and Enamine building blocks
smiles_784,string,,Generated compound index 784 using MoLeR and Enamine building blocks
smiles_785,string,,Generated compound index 785 using MoLeR and Enamine building blocks
smiles_786,string,,Generated compound index 786 using MoLeR and Enamine building blocks
smiles_787,string,,Generated compound index 787 using MoLeR and Enamine building blocks
smiles_788,string,,Generated compound index 788 using MoLeR and Enamine building blocks
smiles_789,string,,Generated compound index 789 using MoLeR and Enamine building blocks
smiles_790,string,,Generated compound index 790 using MoLeR and Enamine building blocks
smiles_791,string,,Generated compound index 791 using MoLeR and Enamine building blocks
smiles_792,string,,Generated compound index 792 using MoLeR and Enamine building blocks
smiles_793,string,,Generated compound index 793 using MoLeR and Enamine building blocks
smiles_794,string,,Generated compound index 794 using MoLeR and Enamine building blocks
smiles_795,string,,Generated compound index 795 using MoLeR and Enamine building blocks
smiles_796,string,,Generated compound index 796 using MoLeR and Enamine building blocks
smiles_797,string,,Generated compound index 797 using MoLeR and Enamine building blocks
smiles_798,string,,Generated compound index 798 using MoLeR and Enamine building blocks
smiles_799,string,,Generated compound index 799 using MoLeR and Enamine building blocks
smiles_800,string,,Generated compound index 800 using MoLeR and Enamine building blocks
smiles_801,string,,Generated compound index 801 using MoLeR and Enamine building blocks
smiles_802,string,,Generated compound index 802 using MoLeR and Enamine building blocks
smiles_803,string,,Generated compound index 803 using MoLeR and Enamine building blocks
smiles_804,string,,Generated compound index 804 using MoLeR and Enamine building blocks
smiles_805,string,,Generated compound index 805 using MoLeR and Enamine building blocks
smiles_806,string,,Generated compound index 806 using MoLeR and Enamine building blocks
smiles_807,string,,Generated compound index 807 using MoLeR and Enamine building blocks
smiles_808,string,,Generated compound index 808 using MoLeR and Enamine building blocks
smiles_809,string,,Generated compound index 809 using MoLeR and Enamine building blocks
smiles_810,string,,Generated compound index 810 using MoLeR and Enamine building blocks
smiles_811,string,,Generated compound index 811 using MoLeR and Enamine building blocks
smiles_812,string,,Generated compound index 812 using MoLeR and Enamine building blocks
smiles_813,string,,Generated compound index 813 using MoLeR and Enamine building blocks
smiles_814,string,,Generated compound index 814 using MoLeR and Enamine building blocks
smiles_815,string,,Generated compound index 815 using MoLeR and Enamine building blocks
smiles_816,string,,Generated compound index 816 using MoLeR and Enamine building blocks
smiles_817,string,,Generated compound index 817 using MoLeR and Enamine building blocks
smiles_818,string,,Generated compound index 818 using MoLeR and Enamine building blocks
smiles_819,string,,Generated compound index 819 using MoLeR and Enamine building blocks
smiles_820,string,,Generated compound index 820 using MoLeR and Enamine building blocks
smiles_821,string,,Generated compound index 821 using MoLeR and Enamine building blocks
smiles_822,string,,Generated compound index 822 using MoLeR and Enamine building blocks
smiles_823,string,,Generated compound index 823 using MoLeR and Enamine building blocks
smiles_824,string,,Generated compound index 824 using MoLeR and Enamine building blocks
smiles_825,string,,Generated compound index 825 using MoLeR and Enamine building blocks
smiles_826,string,,Generated compound index 826 using MoLeR and Enamine building blocks
smiles_827,string,,Generated compound index 827 using MoLeR and Enamine building blocks
smiles_828,string,,Generated compound index 828 using MoLeR and Enamine building blocks
smiles_829,string,,Generated compound index 829 using MoLeR and Enamine building blocks
smiles_830,string,,Generated compound index 830 using MoLeR and Enamine building blocks
smiles_831,string,,Generated compound index 831 using MoLeR and Enamine building blocks
smiles_832,string,,Generated compound index 832 using MoLeR and Enamine building blocks
smiles_833,string,,Generated compound index 833 using MoLeR and Enamine building blocks
smiles_834,string,,Generated compound index 834 using MoLeR and Enamine building blocks
smiles_835,string,,Generated compound index 835 using MoLeR and Enamine building blocks
smiles_836,string,,Generated compound index 836 using MoLeR and Enamine building blocks
smiles_837,string,,Generated compound index 837 using MoLeR and Enamine building blocks
smiles_838,string,,Generated compound index 838 using MoLeR and Enamine building blocks
smiles_839,string,,Generated compound index 839 using MoLeR and Enamine building blocks
smiles_840,string,,Generated compound index 840 using MoLeR and Enamine building blocks
smiles_841,string,,Generated compound index 841 using MoLeR and Enamine building blocks
smiles_842,string,,Generated compound index 842 using MoLeR and Enamine building blocks
smiles_843,string,,Generated compound index 843 using MoLeR and Enamine building blocks
smiles_844,string,,Generated compound index 844 using MoLeR and Enamine building blocks
smiles_845,string,,Generated compound index 845 using MoLeR and Enamine building blocks
smiles_846,string,,Generated compound index 846 using MoLeR and Enamine building blocks
smiles_847,string,,Generated compound index 847 using MoLeR and Enamine building blocks
smiles_848,string,,Generated compound index 848 using MoLeR and Enamine building blocks
smiles_849,string,,Generated compound index 849 using MoLeR and Enamine building blocks
smiles_850,string,,Generated compound index 850 using MoLeR and Enamine building blocks
smiles_851,string,,Generated compound index 851 using MoLeR and Enamine building blocks
smiles_852,string,,Generated compound index 852 using MoLeR and Enamine building blocks
smiles_853,string,,Generated compound index 853 using MoLeR and Enamine building blocks
smiles_854,string,,Generated compound index 854 using MoLeR and Enamine building blocks
smiles_855,string,,Generated compound index 855 using MoLeR and Enamine building blocks
smiles_856,string,,Generated compound index 856 using MoLeR and Enamine building blocks
smiles_857,string,,Generated compound index 857 using MoLeR and Enamine building blocks
smiles_858,string,,Generated compound index 858 using MoLeR and Enamine building blocks
smiles_859,string,,Generated compound index 859 using MoLeR and Enamine building blocks
smiles_860,string,,Generated compound index 860 using MoLeR and Enamine building blocks
smiles_861,string,,Generated compound index 861 using MoLeR and Enamine building blocks
smiles_862,string,,Generated compound index 862 using MoLeR and Enamine building blocks
smiles_863,string,,Generated compound index 863 using MoLeR and Enamine building blocks
smiles_864,string,,Generated compound index 864 using MoLeR and Enamine building blocks
smiles_865,string,,Generated compound index 865 using MoLeR and Enamine building blocks
smiles_866,string,,Generated compound index 866 using MoLeR and Enamine building blocks
smiles_867,string,,Generated compound index 867 using MoLeR and Enamine building blocks
smiles_868,string,,Generated compound index 868 using MoLeR and Enamine building blocks
smiles_869,string,,Generated compound index 869 using MoLeR and Enamine building blocks
smiles_870,string,,Generated compound index 870 using MoLeR and Enamine building blocks
smiles_871,string,,Generated compound index 871 using MoLeR and Enamine building blocks
smiles_872,string,,Generated compound index 872 using MoLeR and Enamine building blocks
smiles_873,string,,Generated compound index 873 using MoLeR and Enamine building blocks
smiles_874,string,,Generated compound index 874 using MoLeR and Enamine building blocks
smiles_875,string,,Generated compound index 875 using MoLeR and Enamine building blocks
smiles_876,string,,Generated compound index 876 using MoLeR and Enamine building blocks
smiles_877,string,,Generated compound index 877 using MoLeR and Enamine building blocks
smiles_878,string,,Generated compound index 878 using MoLeR and Enamine building blocks
smiles_879,string,,Generated compound index 879 using MoLeR and Enamine building blocks
smiles_880,string,,Generated compound index 880 using MoLeR and Enamine building blocks
smiles_881,string,,Generated compound index 881 using MoLeR and Enamine building blocks
smiles_882,string,,Generated compound index 882 using MoLeR and Enamine building blocks
smiles_883,string,,Generated compound index 883 using MoLeR and Enamine building blocks
smiles_884,string,,Generated compound index 884 using MoLeR and Enamine building blocks
smiles_885,string,,Generated compound index 885 using MoLeR and Enamine building blocks
smiles_886,string,,Generated compound index 886 using MoLeR and Enamine building blocks
smiles_887,string,,Generated compound index 887 using MoLeR and Enamine building blocks
smiles_888,string,,Generated compound index 888 using MoLeR and Enamine building blocks
smiles_889,string,,Generated compound index 889 using MoLeR and Enamine building blocks
smiles_890,string,,Generated compound index 890 using MoLeR and Enamine building blocks
smiles_891,string,,Generated compound index 891 using MoLeR and Enamine building blocks
smiles_892,string,,Generated compound index 892 using MoLeR and Enamine building blocks
smiles_893,string,,Generated compound index 893 using MoLeR and Enamine building blocks
smiles_894,string,,Generated compound index 894 using MoLeR and Enamine building blocks
smiles_895,string,,Generated compound index 895 using MoLeR and Enamine building blocks
smiles_896,string,,Generated compound index 896 using MoLeR and Enamine building blocks
smiles_897,string,,Generated compound index 897 using MoLeR and Enamine building blocks
smiles_898,string,,Generated compound index 898 using MoLeR and Enamine building blocks
smiles_899,string,,Generated compound index 899 using MoLeR and Enamine building blocks
smiles_900,string,,Generated compound index 900 using MoLeR and Enamine building blocks
smiles_901,string,,Generated compound index 901 using MoLeR and Enamine building blocks
smiles_902,string,,Generated compound index 902 using MoLeR and Enamine building blocks
smiles_903,string,,Generated compound index 903 using MoLeR and Enamine building blocks
smiles_904,string,,Generated compound index 904 using MoLeR and Enamine building blocks
smiles_905,string,,Generated compound index 905 using MoLeR and Enamine building blocks
smiles_906,string,,Generated compound index 906 using MoLeR and Enamine building blocks
smiles_907,string,,Generated compound index 907 using MoLeR and Enamine building blocks
smiles_908,string,,Generated compound index 908 using MoLeR and Enamine building blocks
smiles_909,string,,Generated compound index 909 using MoLeR and Enamine building blocks
smiles_910,string,,Generated compound index 910 using MoLeR and Enamine building blocks
smiles_911,string,,Generated compound index 911 using MoLeR and Enamine building blocks
smiles_912,string,,Generated compound index 912 using MoLeR and Enamine building blocks
smiles_913,string,,Generated compound index 913 using MoLeR and Enamine building blocks
smiles_914,string,,Generated compound index 914 using MoLeR and Enamine building blocks
smiles_915,string,,Generated compound index 915 using MoLeR and Enamine building blocks
smiles_916,string,,Generated compound index 916 using MoLeR and Enamine building blocks
smiles_917,string,,Generated compound index 917 using MoLeR and Enamine building blocks
smiles_918,string,,Generated compound index 918 using MoLeR and Enamine building blocks
smiles_919,string,,Generated compound index 919 using MoLeR and Enamine building blocks
smiles_920,string,,Generated compound index 920 using MoLeR and Enamine building blocks
smiles_921,string,,Generated compound index 921 using MoLeR and Enamine building blocks
smiles_922,string,,Generated compound index 922 using MoLeR and Enamine building blocks
smiles_923,string,,Generated compound index 923 using MoLeR and Enamine building blocks
smiles_924,string,,Generated compound index 924 using MoLeR and Enamine building blocks
smiles_925,string,,Generated compound index 925 using MoLeR and Enamine building blocks
smiles_926,string,,Generated compound index 926 using MoLeR and Enamine building blocks
smiles_927,string,,Generated compound index 927 using MoLeR and Enamine building blocks
smiles_928,string,,Generated compound index 928 using MoLeR and Enamine building blocks
smiles_929,string,,Generated compound index 929 using MoLeR and Enamine building blocks
smiles_930,string,,Generated compound index 930 using MoLeR and Enamine building blocks
smiles_931,string,,Generated compound index 931 using MoLeR and Enamine building blocks
smiles_932,string,,Generated compound index 932 using MoLeR and Enamine building blocks
smiles_933,string,,Generated compound index 933 using MoLeR and Enamine building blocks
smiles_934,string,,Generated compound index 934 using MoLeR and Enamine building blocks
smiles_935,string,,Generated compound index 935 using MoLeR and Enamine building blocks
smiles_936,string,,Generated compound index 936 using MoLeR and Enamine building blocks
smiles_937,string,,Generated compound index 937 using MoLeR and Enamine building blocks
smiles_938,string,,Generated compound index 938 using MoLeR and Enamine building blocks
smiles_939,string,,Generated compound index 939 using MoLeR and Enamine building blocks
smiles_940,string,,Generated compound index 940 using MoLeR and Enamine building blocks
smiles_941,string,,Generated compound index 941 using MoLeR and Enamine building blocks
smiles_942,string,,Generated compound index 942 using MoLeR and Enamine building blocks
smiles_943,string,,Generated compound index 943 using MoLeR and Enamine building blocks
smiles_944,string,,Generated compound index 944 using MoLeR and Enamine building blocks
smiles_945,string,,Generated compound index 945 using MoLeR and Enamine building blocks
smiles_946,string,,Generated compound index 946 using MoLeR and Enamine building blocks
smiles_947,string,,Generated compound index 947 using MoLeR and Enamine building blocks
smiles_948,string,,Generated compound index 948 using MoLeR and Enamine building blocks
smiles_949,string,,Generated compound index 949 using MoLeR and Enamine building blocks
smiles_950,string,,Generated compound index 950 using MoLeR and Enamine building blocks
smiles_951,string,,Generated compound index 951 using MoLeR and Enamine building blocks
smiles_952,string,,Generated compound index 952 using MoLeR and Enamine building blocks
smiles_953,string,,Generated compound index 953 using MoLeR and Enamine building blocks
smiles_954,string,,Generated compound index 954 using MoLeR and Enamine building blocks
smiles_955,string,,Generated compound index 955 using MoLeR and Enamine building blocks
smiles_956,string,,Generated compound index 956 using MoLeR and Enamine building blocks
smiles_957,string,,Generated compound index 957 using MoLeR and Enamine building blocks
smiles_958,string,,Generated compound index 958 using MoLeR and Enamine building blocks
smiles_959,string,,Generated compound index 959 using MoLeR and Enamine building blocks
smiles_960,string,,Generated compound index 960 using MoLeR and Enamine building blocks
smiles_961,string,,Generated compound index 961 using MoLeR and Enamine building blocks
smiles_962,string,,Generated compound index 962 using MoLeR and Enamine building blocks
smiles_963,string,,Generated compound index 963 using MoLeR and Enamine building blocks
smiles_964,string,,Generated compound index 964 using MoLeR and Enamine building blocks
smiles_965,string,,Generated compound index 965 using MoLeR and Enamine building blocks
smiles_966,string,,Generated compound index 966 using MoLeR and Enamine building blocks
smiles_967,string,,Generated compound index 967 using MoLeR and Enamine building blocks
smiles_968,string,,Generated compound index 968 using MoLeR and Enamine building blocks
smiles_969,string,,Generated compound index 969 using MoLeR and Enamine building blocks
smiles_970,string,,Generated compound index 970 using MoLeR and Enamine building blocks
smiles_971,string,,Generated compound index 971 using MoLeR and Enamine building blocks
smiles_972,string,,Generated compound index 972 using MoLeR and Enamine building blocks
smiles_973,string,,Generated compound index 973 using MoLeR and Enamine building blocks
smiles_974,string,,Generated compound index 974 using MoLeR and Enamine building blocks
smiles_975,string,,Generated compound index 975 using MoLeR and Enamine building blocks
smiles_976,string,,Generated compound index 976 using MoLeR and Enamine building blocks
smiles_977,string,,Generated compound index 977 using MoLeR and Enamine building blocks
smiles_978,string,,Generated compound index 978 using MoLeR and Enamine building blocks
smiles_979,string,,Generated compound index 979 using MoLeR and Enamine building blocks
smiles_980,string,,Generated compound index 980 using MoLeR and Enamine building blocks
smiles_981,string,,Generated compound index 981 using MoLeR and Enamine building blocks
smiles_982,string,,Generated compound index 982 using MoLeR and Enamine building blocks
smiles_983,string,,Generated compound index 983 using MoLeR and Enamine building blocks
smiles_984,string,,Generated compound index 984 using MoLeR and Enamine building blocks
smiles_985,string,,Generated compound index 985 using MoLeR and Enamine building blocks
smiles_986,string,,Generated compound index 986 using MoLeR and Enamine building blocks
smiles_987,string,,Generated compound index 987 using MoLeR and Enamine building blocks
smiles_988,string,,Generated compound index 988 using MoLeR and Enamine building blocks
smiles_989,string,,Generated compound index 989 using MoLeR and Enamine building blocks
smiles_990,string,,Generated compound index 990 using MoLeR and Enamine building blocks
smiles_991,string,,Generated compound index 991 using MoLeR and Enamine building blocks
smiles_992,string,,Generated compound index 992 using MoLeR and Enamine building blocks
smiles_993,string,,Generated compound index 993 using MoLeR and Enamine building blocks
smiles_994,string,,Generated compound index 994 using MoLeR and Enamine building blocks
smiles_995,string,,Generated compound index 995 using MoLeR and Enamine building blocks
smiles_996,string,,Generated compound index 996 using MoLeR and Enamine building blocks
smiles_997,string,,Generated compound index 997 using MoLeR and Enamine building blocks
smiles_998,string,,Generated compound index 998 using MoLeR and Enamine building blocks
smiles_999,string,,Generated compound index 999 using MoLeR and Enamine building blocks